OBJECTID,STATEFP,COUNTYFP,TRACTCE,GEOID,NAME,NAMELSAD,MTFCC,FUNCSTAT,ALAND,AWATER,INTPTLAT,INTPTLON,Shape_Length,Shape_Area,GEOID_Data,NUM_ATMS,NUM_BANKS,NUM_CHECK_CASH,NUM_POST,Total_Population,Total_Population_Error,Total_Poverty,Total_Poverty_Error,Median_Income,Median_Income_Error,area,is_poverty_tract,Bank_Intersection_bank_area,Overall_Intersection_overall_area
1,11,001,010900,11001010900,109,Census Tract 109,G5020,S,2379832.0,2936613.0,+38.8132450,-077.0238468,0.120909154407,0.000551387173671,14000US11001010900,0,1,0,0,4231,865,2059,800,33698,5593,5331810.79172,1,472310,1301048
2,11,001,009906,11001009906,99.06,Census Tract 99.06,G5020,S,252684.0,0.0,+38.8879464,-076.9359151,0.0226349524109,2.6234104411e-05,14000US11001009906,0,0,1,0,1521,188,410,170,46979,8489,253405.104224,1,253405,253405
3,11,001,009905,11001009905,99.05,Census Tract 99.05,G5020,S,431557.0,0.0,+38.8843295,-076.9250522,0.0301330959142,4.48032863938e-05,14000US11001009905,0,0,0,0,2760,384,743,267,43626,4433,432789.579272,1,,
4,11,001,010400,11001010400,104,Census Tract 104,G5020,S,2740208.0,83.0,+38.8499425,-077.0004103,0.0784291742302,0.000284349858878,14000US11001010400,0,0,1,0,4142,550,1298,570,35417,6821,2748142.10532,1,204152,836612
5,11,001,009903,11001009903,99.03,Census Tract 99.03,G5020,S,383679.0,0.0,+38.8883180,-076.9212121,0.0359142662031,3.98347908274e-05,14000US11001009903,0,0,0,0,1828,231,324,169,60574,14631,384769.010789,0,8418,8418
6,11,001,009904,11001009904,99.04,Census Tract 99.04,G5020,S,426198.0,0.0,+38.8851712,-076.9311353,0.0297857374116,4.42470316609e-05,14000US11001009904,0,0,0,0,2434,302,864,277,33333,5717,427410.605648,1,123320,123320
7,11,001,002201,11001002201,22.01,Census Tract 22.01,G5020,S,415172.0,0.0,+38.9491337,-077.0232932,0.0264996210763,4.31406047784e-05,14000US11001002201,0,0,1,0,3658,315,289,121,65638,9989,416340.354078,0,416340,416340
8,11,001,006400,11001006400,64,Census Tract 64,G5020,S,688026.0,246481.0,+38.8688572,-077.0114342,0.0477198729029,9.69970166373e-05,14000US11001006400,0,0,1,0,2130,280,943,243,22969,5994,937181.923421,1,323426,594483
9,11,001,002202,11001002202,22.02,Census Tract 22.02,G5020,S,693964.0,566.0,+38.9479653,-077.0118821,0.0345095745148,7.21684693356e-05,14000US11001002202,0,0,0,0,3974,546,1049,465,48274,13934,696486.99584,1,63932,74845
10,11,001,002102,11001002102,21.02,Census Tract 21.02,G5020,S,726388.0,0.0,+38.9557857,-077.0142326,0.0365448154926,7.54866175629e-05,14000US11001002102,0,0,1,0,4887,453,881,276,65387,8965,728437.183951,0,5490,63967
11,11,001,002301,11001002301,23.01,Census Tract 23.01,G5020,S,412610.0,0.0,+38.9425896,-077.0165738,0.0288256323333,4.28706136049e-05,14000US11001002301,0,0,0,0,3213,381,337,159,97500,25191,413775.142854,0,18276,267444
12,11,001,006600,11001006600,66,Census Tract 66,G5020,S,287216.0,0.0,+38.8877565,-076.9982739,0.0281348603321,2.98195175224e-05,14000US11001006600,0,5,0,1,1904,208,50,36,143485,14771,288041.827938,0,288042,288042
13,11,001,011000,11001011000,110,Census Tract 110,G5020,S,649470.0,368702.0,+38.8681789,-077.0182455,0.0549671978983,0.00010568148981,14000US11001011000,0,0,0,1,3463,425,127,77,82548,13351,1021082.78893,0,104602,744807
14,11,001,006700,11001006700,67,Census Tract 67,G5020,S,428320.0,0.0,+38.8875982,-076.9899596,0.0320649300022,4.44690541872e-05,14000US11001006700,0,0,0,0,4133,228,161,72,136797,10998,429547.401232,0,286060,286060
15,11,001,006500,11001006500,65,Census Tract 65,G5020,S,504908.0,0.0,+38.8838476,-077.0033376,0.0360756560612,5.24177681927e-05,14000US11001006500,2,3,0,0,2568,276,210,134,128750,28752,506347.25325,0,506347,506347
16,11,001,010200,11001010200,102,Census Tract 102,G5020,S,1243393.0,137330.0,+38.8823937,-077.0230483,0.0531698782877,0.000143339102052,14000US11001010200,9,2,1,1,2537,265,176,104,100670,15948,1384666.11759,0,1268523,1384137
17,11,001,006802,11001006802,68.02,Census Tract 68.02,G5020,S,280108.0,0.0,+38.8832158,-076.9814483,0.0251977912864,2.90794728066e-05,14000US11001006802,0,0,0,0,2327,223,251,139,113250,16694,280905.61501,0,,
18,11,001,007408,11001007408,74.08,Census Tract 74.08,G5020,S,376318.0,58.0,+38.8526236,-076.9711664,0.0402653617609,3.90570820861e-05,14000US11001007408,0,0,0,0,3036,393,1578,447,22353,4557,377452.985815,1,187440,187551
19,11,001,008001,11001008001,80.01,Census Tract 80.01,G5020,S,322795.0,0.0,+38.8961726,-076.9866524,0.024026849279,3.35174686373e-05,14000US11001008001,0,0,0,0,3132,376,203,116,121776,16038,323711.523461,0,235000,248569
20,11,001,007903,11001007903,79.03,Census Tract 79.03,G5020,S,247945.0,0.0,+38.8964252,-076.9743021,0.0226157762801,2.57452618859e-05,14000US11001007903,0,0,2,0,1809,234,484,212,50188,7317,248653.671479,1,195335,195335
21,11,001,007809,11001007809,78.09,Census Tract 78.09,G5020,S,535254.0,0.0,+38.9015402,-076.9321955,0.0427871704085,5.55818513405e-05,14000US11001007809,0,0,1,0,2794,422,680,315,39508,12699,536771.614302,1,,
22,11,001,007409,11001007409,74.09,Census Tract 74.09,G5020,S,397785.0,0.0,+38.8452834,-076.9743268,0.0327470216415,4.1274697577e-05,14000US11001007409,0,0,0,0,3802,410,1436,450,33990,6320,398927.176774,1,285699,285699
23,11,001,009400,11001009400,94,Census Tract 94,G5020,S,1582837.0,0.0,+38.9368063,-076.9742463,0.0552380921249,0.000164445001313,14000US11001009400,0,0,0,0,4844,458,574,327,84726,13253,1587308.14595,0,,766477
24,11,001,009503,11001009503,95.03,Census Tract 95.03,G5020,S,1422862.0,746.0,+38.9431636,-076.9848993,0.053496870689,0.000147915903292,14000US11001009503,0,0,0,0,3263,204,290,138,87167,11565,1427625.10285,0,437183,438039
25,11,001,009501,11001009501,95.01,Census Tract 95.01,G5020,S,1595269.0,0.0,+38.9418287,-077.0029301,0.0617174298715,0.000165747928545,14000US11001009501,1,0,1,1,5088,442,1177,394,42115,7388,1599770.26173,1,360474,515105
26,11,001,002501,11001002501,25.01,Census Tract 25.01,G5020,S,543460.0,0.0,+38.9446515,-077.0317348,0.0324253630268,5.64679243014e-05,14000US11001002501,0,0,0,0,2643,373,607,310,35370,23111,544990.03857,1,400622,458883
27,11,001,009504,11001009504,95.04,Census Tract 95.04,G5020,S,1026343.0,0.0,+38.9409336,-076.9930948,0.0422532768484,0.000106636237637,14000US11001009504,1,1,2,0,3037,300,377,179,71678,7040,1029253.44719,0,709646,709646
28,11,001,009505,11001009505,95.05,Census Tract 95.05,G5020,S,1033853.0,0.0,+38.9618906,-077.0051942,0.0458880982539,0.000107447312378,14000US11001009505,0,0,0,0,2686,325,260,101,57472,24179,1036764.09073,0,,663590
29,11,001,009907,11001009907,99.07,Census Tract 99.07,G5020,S,466954.0,0.0,+38.8827718,-076.9388146,0.0332626339487,4.84766703417e-05,14000US11001009907,0,0,0,0,2890,321,1091,367,24735,7573,468280.769957,1,98416,98416
30,11,001,007100,11001007100,71,Census Tract 71,G5020,S,602224.0,149901.0,+38.8773196,-076.9870754,0.0401219407551,7.80758970356e-05,14000US11001007100,2,0,0,0,3064,403,767,398,72904,19752,754272.22108,1,163464,569336
31,11,001,002502,11001002502,25.02,Census Tract 25.02,G5020,S,603721.0,0.0,+38.9390574,-077.0301448,0.0340746624993,6.27241714189e-05,14000US11001002502,1,0,1,0,5852,709,859,423,64616,6544,605426.986624,0,268490,488083
32,11,001,007000,11001007000,70,Census Tract 70,G5020,S,423352.0,0.0,+38.8813482,-076.9959084,0.0306837222045,4.39494436345e-05,14000US11001007000,2,0,0,0,2297,233,120,61,112096,8061,424559.848199,0,409239,424560
33,11,001,002400,11001002400,24,Census Tract 24,G5020,S,556234.0,0.0,+38.9417839,-077.0224053,0.0323955570756,5.77924550202e-05,14000US11001002400,0,0,0,1,4222,388,329,148,96667,9722,557802.801351,0,359796,557803
34,11,001,002302,11001002302,23.02,Census Tract 23.02,G5020,S,2010229.0,5298.0,+38.9341270,-077.0095843,0.0592254802656,0.000209389936219,14000US11001002302,0,0,0,0,1425,206,340,188,59630,14245,2021224.71658,1,975606,1174342
35,11,001,006900,11001006900,69,Census Tract 69,G5020,S,398513.0,0.0,+38.8836933,-076.9873112,0.0295852907018,4.13722380327e-05,14000US11001006900,4,0,1,0,2181,192,85,55,108571,21055,399650.60411,0,145136,145889
36,11,001,007200,11001007200,72,Census Tract 72,G5020,S,1368066.0,312407.0,+38.8756862,-077.0013043,0.0567653385733,0.000174439477827,14000US11001007200,4,4,0,1,4292,289,522,192,106897,14030,1685269.4148,0,1464235,1682868
37,11,001,009507,11001009507,95.07,Census Tract 95.07,G5020,S,293853.0,0.0,+38.9585007,-076.9977582,0.0261092024192,3.05383030641e-05,14000US11001009507,0,0,1,0,1631,205,183,177,60170,15821,294680.04207,0,,
38,11,001,009508,11001009508,95.08,Census Tract 95.08,G5020,S,937117.0,28.0,+38.9542721,-076.9997922,0.0614706561588,9.73853805351e-05,14000US11001009508,0,0,0,0,3829,429,295,165,65046,12395,939789.135889,0,,
39,11,001,009509,11001009509,95.09,Census Tract 95.09,G5020,S,644068.0,0.0,+38.9492070,-076.9949877,0.035104839147,6.69252753002e-05,14000US11001009509,0,0,0,0,3485,475,150,91,60036,11464,645870.283178,0,,
40,11,001,009700,11001009700,97,Census Tract 97,G5020,S,403011.0,6751.0,+38.8354183,-076.9870273,0.0352986027571,4.25107296609e-05,14000US11001009700,0,0,0,0,3359,420,1297,394,32404,10319,410944.301333,1,,
41,11,001,009801,11001009801,98.01,Census Tract 98.01,G5020,S,431383.0,17249.0,+38.8328939,-076.9963306,0.0347205875041,4.65434007994e-05,14000US11001009801,0,0,1,0,2099,289,841,267,24531,7450,449928.19148,1,105275,105275
42,11,001,002801,11001002801,28.01,Census Tract 28.01,G5020,S,171911.0,0.0,+38.9349477,-077.0345166,0.0170927446149,1.78598082007e-05,14000US11001002801,0,0,1,0,4011,389,841,271,48641,6077,172396.15206,1,172391,172391
43,11,001,002802,11001002802,28.02,Census Tract 28.02,G5020,S,229694.0,0.0,+38.9294344,-077.0346327,0.0206385035046,2.38612595942e-05,14000US11001002802,3,2,0,0,4736,511,930,369,49338,8412,230345.506283,0,230346,230346
44,11,001,002701,11001002701,27.01,Census Tract 27.01,G5020,S,452924.0,0.0,+38.9344503,-077.0416857,0.0361353854448,4.70536919388e-05,14000US11001002701,0,0,0,0,5250,559,855,590,56630,15551,454200.567863,0,323432,323432
45,11,001,004202,11001004202,42.02,Census Tract 42.02,G5020,S,207646.0,0.0,+38.9134023,-077.0430254,0.0211504688706,2.15659773033e-05,14000US11001004202,0,1,1,0,2535,251,187,71,102308,15523,208233.395495,0,208233,208233
46,11,001,004201,11001004201,42.01,Census Tract 42.01,G5020,S,204529.0,0.0,+38.9162076,-077.0388456,0.0187265304759,2.12429602654e-05,14000US11001004201,0,0,0,0,3625,283,177,87,96650,12501,205114.002655,0,205114,205114
47,11,001,003600,11001003600,36,Census Tract 36,G5020,S,305616.0,0.0,+38.9236744,-077.0296273,0.0228942868001,3.1745445415e-05,14000US11001003600,0,0,0,0,5026,640,525,186,91250,13362,306479.895023,0,306480,306480
48,11,001,003700,11001003700,37,Census Tract 37,G5020,S,292371.0,0.0,+38.9228614,-077.0343330,0.0225662117538,3.03693382512e-05,14000US11001003700,1,0,0,0,5472,493,949,326,73232,23725,293199.614124,0,293200,293200
49,11,001,004002,11001004002,40.02,Census Tract 40.02,G5020,S,194755.0,0.0,+38.9181186,-077.0437209,0.0203696829811,2.02284182713e-05,14000US11001004002,1,1,1,2,2985,270,114,51,90886,6565,195307.41384,0,195307,195307
50,11,001,003800,11001003800,38,Census Tract 38,G5020,S,356113.0,0.0,+38.9216348,-077.0391794,0.0265607197485,3.69896753752e-05,14000US11001003800,1,0,2,0,4969,549,553,228,92885,9768,357121.109383,0,357121,357121
51,11,001,004001,11001004001,40.01,Census Tract 40.01,G5020,S,271210.0,2414.0,+38.9208738,-077.0462674,0.0235913454044,2.84210686536e-05,14000US11001004001,0,2,0,0,4104,441,182,94,104775,23158,274399.076989,0,274399,274399
52,11,001,007407,11001007407,74.07,Census Tract 74.07,G5020,S,604673.0,0.0,+38.8574905,-076.9850809,0.0496537959777,6.27520629453e-05,14000US11001007407,0,0,1,0,2719,304,686,234,34531,9782,606401.76592,1,233673,233673
53,11,001,006801,11001006801,68.01,Census Tract 68.01,G5020,S,244792.0,0.0,+38.8877415,-076.9801091,0.0212253285228,2.54147031479e-05,14000US11001006801,2,0,0,0,1963,196,199,100,75742,7463,245485.620003,0,,
54,11,001,009604,11001009604,96.04,Census Tract 96.04,G5020,S,488070.0,65762.0,+38.8931572,-076.9585043,0.033523251239,5.75046060435e-05,14000US11001009604,0,0,1,1,2102,208,203,78,49141,9533,555408.294972,0,349356,490053
56,11,001,000300,11001000300,3,Census Tract 3,G5020,S,1010815.0,2334.0,+38.9179099,-077.0748728,0.0420035629255,0.0001052306154,14000US11001000300,2,1,0,1,6095,625,941,485,125078,15785,1016030.42339,0,888009,907392
57,11,001,004400,11001004400,44,Census Tract 44,G5020,S,521740.0,0.0,+38.9170144,-077.0275919,0.0306675352552,5.41904770574e-05,14000US11001004400,5,3,0,1,5695,375,767,347,148766,15550,523228.375937,0,523228,523228
58,11,001,010700,11001010700,107,Census Tract 107,G5020,S,891593.0,0.0,+38.9039989,-077.0419809,0.0395120293231,9.25873651028e-05,14000US11001010700,41,50,2,3,1705,199,346,111,71458,11940,894113.026881,1,894113,894113
59,11,001,000502,11001000502,5.02,Census Tract 5.02,G5020,S,581506.0,0.0,+38.9283547,-077.0595624,0.0413824624879,6.04070363676e-05,14000US11001000502,1,0,0,0,2973,205,63,42,114152,12619,583151.003146,0,477580,486073
60,11,001,000400,11001000400,4,Census Tract 4,G5020,S,1542760.0,69.0,+38.9227989,-077.0649214,0.0597181825001,0.000160260208461,14000US11001000400,0,0,0,0,1578,147,156,81,178750,67039,1547201.80983,0,1359974,1374395
61,11,001,004802,11001004802,48.02,Census Tract 48.02,G5020,S,286804.0,0.0,+38.9062237,-077.0189036,0.0225561983592,2.97842157246e-05,14000US11001004802,1,0,0,0,3519,365,905,307,63015,24508,287620.709911,1,287621,287621
62,11,001,004902,11001004902,49.02,Census Tract 49.02,G5020,S,263885.0,0.0,+38.9058868,-077.0243932,0.020684759536,2.74040133818e-05,14000US11001004902,1,1,2,0,2842,300,349,152,81591,35121,264638.79696,0,264639,264639
63,11,001,004801,11001004801,48.01,Census Tract 48.01,G5020,S,317491.0,0.0,+38.9117400,-077.0195320,0.0243780156255,3.29734256908e-05,14000US11001004801,2,1,1,0,2215,284,214,130,103273,7835,318388.744329,0,318389,318389
64,11,001,004600,11001004600,46,Census Tract 46,G5020,S,437142.0,0.0,+38.9097459,-077.0132983,0.0294135391331,4.53987633042e-05,14000US11001004600,1,0,2,1,2938,307,408,208,64235,31392,438382.136608,0,405754,438382
65,11,001,007401,11001007401,74.01,Census Tract 74.01,G5020,S,1210265.0,200992.0,+38.8668098,-076.9949201,0.0654314677941,0.00014647232298,14000US11001007401,0,0,0,0,2450,199,1489,230,15205,2340,1415289.42287,1,689453,709332
66,11,001,007403,11001007403,74.03,Census Tract 74.03,G5020,S,330203.0,0.0,+38.8484766,-076.9743666,0.0350288086222,3.42639205359e-05,14000US11001007403,0,0,0,0,3500,371,1108,379,31399,2491,331151.381378,1,220317,220317
67,11,001,000701,11001000701,7.01,Census Tract 7.01,G5020,S,548945.0,0.0,+38.9295498,-077.0766614,0.0324945171816,5.70258028562e-05,14000US11001000701,0,0,0,0,5245,490,518,213,80223,11432,550494.862748,0,541892,541892
68,11,001,000702,11001000702,7.02,Census Tract 7.02,G5020,S,293676.0,158.0,+38.9241146,-077.0790316,0.0285954678903,3.05220255068e-05,14000US11001000702,0,0,0,0,3316,391,413,242,72346,13388,294659.324305,0,294424,294424
69,11,001,000600,11001000600,6,Census Tract 6,G5020,S,1442823.0,71.0,+38.9368114,-077.0675114,0.0541583870361,0.000149905303481,14000US11001000600,1,0,1,2,4498,326,400,172,158625,52588,1446980.52886,0,1446981,1446981
70,11,001,007404,11001007404,74.04,Census Tract 74.04,G5020,S,813212.0,0.0,+38.8503650,-076.9819920,0.0544290501941,8.43860830277e-05,14000US11001007404,0,0,0,0,3795,466,1534,525,28569,5543,815546.476704,1,650556,650556
71,11,001,007301,11001007301,73.01,Census Tract 73.01,G5020,S,4589042.0,5139019.0,+38.8395579,-077.0229510,0.17464920824,0.00100932767887,14000US11001007301,1,0,0,2,3305,335,90,66,75625,11531,9755982.17311,0,82742,2184440
72,11,001,001600,11001001600,16,Census Tract 16,G5020,S,2665665.0,35624.0,+38.9849725,-077.0382324,0.0889531094307,0.000280830281343,14000US11001001600,0,0,1,0,4148,276,160,83,143194,24824,2708862.88382,0,704073,998574
73,11,001,007304,11001007304,73.04,Census Tract 73.04,G5020,S,1240387.0,11701.0,+38.8417975,-076.9855623,0.0573869078279,0.000129909889746,14000US11001007304,1,1,0,0,3323,429,1350,424,29542,10359,1255679.21445,1,661969,661969
74,11,001,005600,11001005600,56,Census Tract 56,G5020,S,457261.0,7186.0,+38.9002000,-077.0538118,0.0318351919592,4.82284753862e-05,14000US11001005600,3,1,1,1,5186,424,1144,291,71250,21241,465768.92284,1,465769,465769
75,11,001,009204,11001009204,92.04,Census Tract 92.04,G5020,S,302795.0,0.0,+38.9234140,-076.9987721,0.0262031314446,3.14522992199e-05,14000US11001009204,1,1,1,0,2785,288,1144,280,21801,6320,303659.421956,1,303659,303659
76,11,001,003000,11001003000,30,Census Tract 30,G5020,S,210638.0,0.0,+38.9288689,-077.0299525,0.0190349424948,2.18812985893e-05,14000US11001003000,2,2,0,0,3534,338,926,295,70238,21049,211234.779287,1,211235,211235
77,11,001,008301,11001008301,83.01,Census Tract 83.01,G5020,S,303974.0,0.0,+38.8970373,-077.0008008,0.0235114405485,3.15634222827e-05,14000US11001008301,0,0,1,0,2317,230,89,40,143787,25217,304850.348328,0,304850,304850
78,11,001,010500,11001010500,105,Census Tract 105,G5020,S,749889.0,0.0,+38.8818529,-077.0133789,0.0367739646049,7.7848756932e-05,14000US11001010500,6,0,2,2,3418,312,416,161,69063,17166,752021.415494,0,742448,752021
79,11,001,002702,11001002702,27.02,Census Tract 27.02,G5020,S,486440.0,7801.0,+38.9301680,-077.0421774,0.0384306406243,5.13433260616e-05,14000US11001002702,3,1,3,0,6300,620,494,244,87043,12306,495638.470458,0,466768,466768
80,11,001,007503,11001007503,75.03,Census Tract 75.03,G5020,S,499811.0,0.0,+38.8639864,-076.9869813,0.0296151335556,5.18742031004e-05,14000US11001007503,1,2,2,0,2694,301,1270,300,26125,8083,501236.26038,1,501236,501236
81,11,001,007502,11001007502,75.02,Census Tract 75.02,G5020,S,615798.0,0.0,+38.8566328,-076.9695450,0.0483010431961,6.39058135811e-05,14000US11001007502,0,0,0,0,5109,543,2667,537,26422,9110,617560.495583,1,585082,585848
82,11,001,000902,11001000902,9.02,Census Tract 9.02,G5020,S,1855956.0,323730.0,+38.9285125,-077.1077517,0.0872164919792,0.000226425663506,14000US11001000902,0,2,0,1,2455,192,42,29,200893,17641,2185854.62391,0,1423513,1471276
83,11,001,001500,11001001500,15,Census Tract 15,G5020,S,4686643.0,12091.0,+38.9741576,-077.0558797,0.110745980362,0.000488412852821,14000US11001001500,0,0,0,0,6130,453,106,90,200031,20140,4711931.28312,0,433267,434419
84,11,001,001302,11001001302,13.02,Census Tract 13.02,G5020,S,1592787.0,15561.0,+38.9420430,-077.0556067,0.0640255075756,0.000167105707692,14000US11001001302,4,3,2,0,7591,617,823,345,98143,15195,1612893.20363,0,1399039,1399039
85,11,001,005500,11001005500,55,Census Tract 55,G5020,S,629386.0,9350.0,+38.9077913,-077.0493321,0.0405775321197,6.63330574173e-05,14000US11001005500,6,6,0,1,6388,706,1161,415,97558,30933,640549.227555,0,640549,640549
86,11,001,000501,11001000501,5.01,Census Tract 5.01,G5020,S,940586.0,30821.0,+38.9264548,-077.0514340,0.0689966296168,0.000100907354221,14000US11001000501,1,1,0,0,3455,333,221,140,107448,6566,974152.306062,0,941298,941298
87,11,001,000901,11001000901,9.01,Census Tract 9.01,G5020,S,2959234.0,68722.0,+38.9384363,-077.1004240,0.0730024512175,0.00031458823307,14000US11001000901,2,4,0,0,4641,365,506,220,231542,34751,3036512.04574,0,2011250,2011250
88,11,001,009602,11001009602,96.02,Census Tract 96.02,G5020,S,1298021.0,65712.0,+38.9034201,-076.9515658,0.0488635042528,0.00014161241623,14000US11001009602,0,0,0,0,3457,439,1435,424,23132,3813,1367610.40139,1,401138,767534
89,11,001,000802,11001000802,8.02,Census Tract 8.02,G5020,S,1647257.0,640778.0,+38.9112783,-077.0871196,0.0692814763472,0.000237624160161,14000US11001000802,0,0,0,0,3153,305,442,188,91307,14112,2294530.40872,0,,
90,11,001,001301,11001001301,13.01,Census Tract 13.01,G5020,S,2854877.0,27548.0,+38.9519215,-077.0520508,0.0901146778686,0.00029953336108,14000US11001001301,0,0,0,0,3912,349,249,150,128395,8058,2890541.99826,0,1181766,1181766
92,11,001,000801,11001000801,8.01,Census Tract 8.01,G5020,S,2931409.0,144814.0,+38.9237666,-077.0917339,0.0852437031765,0.000319541975112,14000US11001000801,1,1,1,0,6149,516,863,456,121265,32594,3084926.07787,0,1238372,1371307
93,11,001,001402,11001001402,14.02,Census Tract 14.02,G5020,S,895209.0,0.0,+38.9606051,-077.0630933,0.0499444597912,9.30363985808e-05,14000US11001001402,0,1,0,0,3315,283,321,196,118693,37830,897720.701586,0,897721,897721
94,11,001,008402,11001008402,84.02,Census Tract 84.02,G5020,S,274180.0,0.0,+38.8985960,-076.9910210,0.029186295782,2.84703591979e-05,14000US11001008402,1,0,0,0,2117,306,222,84,78375,13862,274968.912861,0,274969,274969
95,11,001,003302,11001003302,33.02,Census Tract 33.02,G5020,S,204236.0,0.0,+38.9139237,-077.0111677,0.0193377286813,2.12118366316e-05,14000US11001003302,0,0,1,0,2338,224,284,114,112500,26904,204814.754198,0,80850,204815
96,11,001,007708,11001007708,77.08,Census Tract 77.08,G5020,S,737121.0,124915.0,+38.8877672,-076.9594027,0.0456992811961,8.94957200591e-05,14000US11001007708,0,0,0,0,3070,319,964,396,28438,8779,864493.555736,1,120283,120994
97,11,001,009603,11001009603,96.03,Census Tract 96.03,G5020,S,625729.0,0.0,+38.8918473,-076.9479126,0.0421822653063,6.49678391398e-05,14000US11001009603,1,2,3,1,3005,479,498,193,39013,6923,627516.252033,0,627516,627516
98,11,001,002001,11001002001,20.01,Census Tract 20.01,G5020,S,632723.0,1107.0,+38.9597034,-077.0351061,0.0438832882846,6.5871100325e-05,14000US11001002001,0,0,0,0,2848,332,194,82,63385,10940,635615.34538,0,13214,49631
99,11,001,004702,11001004702,47.02,Census Tract 47.02,G5020,S,326358.0,0.0,+38.9008608,-077.0136118,0.0318950527902,3.38892493799e-05,14000US11001004702,2,1,1,0,2307,182,348,145,94688,14725,327299.913581,0,327300,327300
100,11,001,005301,11001005301,53.01,Census Tract 53.01,G5020,S,286399.0,0.0,+38.9107790,-077.0389515,0.0235064563102,2.97438982274e-05,14000US11001005301,6,1,2,0,4982,307,389,174,89097,21788,287207.291031,0,287207,287207
101,11,001,005201,11001005201,52.01,Census Tract 52.01,G5020,S,339712.0,0.0,+38.9102026,-077.0341232,0.0260807447244,3.52806900928e-05,14000US11001005201,10,3,1,0,6224,503,492,236,102420,17722,340672.362282,0,340672,340672
102,11,001,007601,11001007601,76.01,Census Tract 76.01,G5020,S,1107288.0,141529.0,+38.8716327,-076.9798185,0.0500719648144,0.000129625194816,14000US11001007601,0,2,0,1,4150,547,995,321,35438,7428,1252360.82026,1,640770,1205162
103,11,001,007504,11001007504,75.04,Census Tract 75.04,G5020,S,796618.0,0.0,+38.8610018,-076.9794090,0.0466673919448,8.26759361984e-05,14000US11001007504,0,0,0,0,2760,339,1330,349,17159,2948,798900.931124,1,428588,428588
104,11,001,009902,11001009902,99.02,Census Tract 99.02,G5020,S,1294559.0,0.0,+38.8717861,-076.9445542,0.0545866667491,0.000134373870857,14000US11001009902,0,0,0,0,2761,291,305,196,52727,12385,1298253.86046,0,6342,425284
105,11,001,002600,11001002600,26,Census Tract 26,G5020,S,2112346.0,62657.0,+38.9464323,-077.0404553,0.08896187931,0.000225993006069,14000US11001002600,0,0,0,0,2570,171,131,66,135164,21091,2181141.25389,0,75812,75812
106,11,001,009601,11001009601,96.01,Census Tract 96.01,G5020,S,1884942.0,180632.0,+38.9091299,-076.9490616,0.0693411907859,0.000214518372083,14000US11001009601,0,0,0,0,2199,281,953,303,32794,11333,2071432.00218,1,,
107,11,001,000202,11001000202,2.02,Census Tract 2.02,G5020,S,803422.0,428336.0,+38.9063048,-077.0696362,0.0687308016665,0.000127916232076,14000US11001000202,1,2,0,0,3903,484,880,336,153705,15708,1235255.04683,1,933068,933068
108,11,001,004100,11001004100,41,Census Tract 41,G5020,S,788961.0,23020.0,+38.9159337,-077.0516151,0.0390924002945,8.43342256716e-05,14000US11001004100,0,0,0,0,2759,225,158,80,123456,16979,814283.59172,0,693445,693445
109,11,001,009901,11001009901,99.01,Census Tract 99.01,G5020,S,2102151.0,0.0,+38.8753461,-076.9553332,0.0608768190777,0.000218212231725,14000US11001009901,0,1,0,0,2563,247,245,120,81134,7566,2108149.05775,0,1008058,1103309
110,11,001,000100,11001000100,1,Census Tract 1,G5020,S,1907610.0,512798.0,+38.9060174,-077.0601874,0.0912349455152,0.000251353919959,14000US11001000100,10,13,1,1,5188,405,188,165,175048,30804,2427279.09067,0,2198288,2246447
111,11,001,004901,11001004901,49.01,Census Tract 49.01,G5020,S,271887.0,0.0,+38.9113298,-077.0244762,0.0212737500904,2.82373374611e-05,14000US11001004901,1,0,0,0,2581,302,538,205,67104,12620,272654.022009,1,272654,272654
112,11,001,004300,11001004300,43,Census Tract 43,G5020,S,236694.0,0.0,+38.9168040,-077.0341511,0.0203703028983,2.45839756609e-05,14000US11001004300,2,4,0,0,3720,297,439,208,80000,11218,237369.912765,0,237370,237370
113,11,001,007901,11001007901,79.01,Census Tract 79.01,G5020,S,401370.0,0.0,+38.8965597,-076.9804312,0.0263454070079,4.16759467225e-05,14000US11001007901,0,0,1,0,3951,456,912,265,43854,7641,402516.335202,1,392474,395225
114,11,001,005900,11001005900,59,Census Tract 59,G5020,S,642060.0,0.0,+38.8959945,-077.0149469,0.0349314691369,6.66680090267e-05,14000US11001005900,5,2,2,1,2576,242,358,110,99330,13327,643889.257265,0,643889,643889
115,11,001,010100,11001010100,101,Census Tract 101,G5020,S,580133.0,0.0,+38.9026943,-077.0318400,0.0362132207908,6.02431868264e-05,14000US11001010100,21,17,1,1,2564,241,337,131,90625,7950,581783.933999,0,581784,581784
116,11,001,003900,11001003900,39,Census Tract 39,G5020,S,379810.0,10579.0,+38.9249705,-077.0439028,0.0351654926012,4.05524500756e-05,14000US11001003900,1,2,1,0,4484,358,441,213,89662,6982,391495.715331,0,391496,391496
118,11,001,001803,11001001803,18.03,Census Tract 18.03,G5020,S,1136289.0,31934.0,+38.9672267,-077.0419399,0.0481533668259,0.000121421216835,14000US11001001803,0,0,0,0,4042,348,512,281,52411,6117,1171508.93814,0,263421,330217
119,11,001,003301,11001003301,33.01,Census Tract 33.01,G5020,S,442119.0,0.0,+38.9204778,-077.0114293,0.0321201024162,4.59225458958e-05,14000US11001003301,0,0,0,0,3619,389,274,132,105132,22739,443372.468744,0,209349,341048
120,11,001,007406,11001007406,74.06,Census Tract 74.06,G5020,S,360152.0,0.0,+38.8555543,-076.9895582,0.0271875820431,3.73750430179e-05,14000US11001007406,0,0,0,0,3061,468,916,324,37344,13074,361182.906119,1,6063,6063
121,11,001,007605,11001007605,76.05,Census Tract 76.05,G5020,S,453791.0,0.0,+38.8660433,-076.9752566,0.039370645832,4.70995232476e-05,14000US11001007605,0,0,0,0,3603,411,1038,303,34761,9132,455108.660067,1,237612,332976
122,11,001,007603,11001007603,76.03,Census Tract 76.03,G5020,S,1226618.0,0.0,+38.8591090,-076.9585470,0.0525322130128,0.000127299569879,14000US11001007603,0,3,1,2,3950,501,819,500,48847,9463,1230128.41308,1,783362,1163417
123,11,001,007604,11001007604,76.04,Census Tract 76.04,G5020,S,1369578.0,0.0,+38.8660921,-076.9638007,0.0566633265413,0.000142149413582,14000US11001007604,0,0,5,0,3766,348,678,256,53462,8932,1373489.11847,0,1259215,1372057
124,11,001,005002,11001005002,50.02,Census Tract 50.02,G5020,S,233824.0,0.0,+38.9072785,-077.0293181,0.0224969073814,2.42825676972e-05,14000US11001005002,1,0,1,0,6051,487,791,318,81128,7714,234484.077115,0,234484,234484
125,11,001,008100,11001008100,81,Census Tract 81,G5020,S,290283.0,0.0,+38.8931710,-076.9925272,0.0228770716908,3.01398814605e-05,14000US11001008100,1,0,0,0,3202,240,56,57,129340,16972,291105.402099,0,209729,209729
126,11,001,008410,11001008410,84.10,Census Tract 84.10,G5020,S,219938.0,0.0,+38.9015543,-076.9911234,0.0255247863443,2.28388343547e-05,14000US11001008410,2,1,1,0,1341,177,114,60,107266,6298,220555.747126,0,220556,220556
127,11,001,008302,11001008302,83.02,Census Tract 83.02,G5020,S,260891.0,0.0,+38.8963061,-076.9966527,0.0228321453955,2.70897343767e-05,14000US11001008302,2,0,0,0,2267,126,148,62,120417,13732,261633.812497,0,257892,257892
128,11,001,008702,11001008702,87.02,Census Tract 87.02,G5020,S,469972.0,0.0,+38.9149406,-077.0014531,0.0361629753913,4.88118148122e-05,14000US11001008702,0,0,1,0,1930,250,489,134,48977,10905,471302.206953,1,471302,471302
129,11,001,008701,11001008701,87.01,Census Tract 87.01,G5020,S,382687.0,0.0,+38.9141018,-077.0062645,0.02642278894,3.97454144973e-05,14000US11001008701,0,0,1,0,2303,352,246,112,73611,15563,383770.361895,0,326917,343125
130,11,001,004701,11001004701,47.01,Census Tract 47.01,G5020,S,324650.0,0.0,+38.9041493,-077.0136509,0.0317503512633,3.37133478408e-05,14000US11001004701,2,2,0,0,4478,641,1059,389,24767,4423,325556.036723,1,325556,325556
131,11,001,008200,11001008200,82,Census Tract 82,G5020,S,338424.0,0.0,+38.8918309,-077.0006040,0.0319900134468,3.51377601207e-05,14000US11001008200,0,0,0,0,2690,247,204,158,102339,16335,339377.02786,0,339377,339377
132,11,001,010600,11001010600,106,Census Tract 106,G5020,S,1231590.0,0.0,+38.9033120,-077.0033103,0.0537245107526,0.000127893522478,14000US11001010600,10,4,1,2,5783,530,886,243,104688,14487,1235077.68107,0,1235078,1235078
133,11,001,008002,11001008002,80.02,Census Tract 80.02,G5020,S,579629.0,0.0,+38.8915424,-076.9827573,0.0425546157881,6.01813716892e-05,14000US11001008002,0,0,0,0,3537,238,256,156,110208,8592,581270.558491,0,21424,21446
134,11,001,007709,11001007709,77.09,Census Tract 77.09,G5020,S,838021.0,86864.0,+38.8800570,-076.9674933,0.0489153167168,9.60095612052e-05,14000US11001007709,0,0,1,0,2157,256,622,227,33372,5550,927522.586047,1,113520,675277
135,11,001,007803,11001007803,78.03,Census Tract 78.03,G5020,S,1007762.0,1639.0,+38.8962674,-076.9407751,0.0464836381338,0.000104810014537,14000US11001007803,0,1,2,0,3426,445,725,310,38074,10073,1012272.9469,1,862916,904339
136,11,001,007703,11001007703,77.03,Census Tract 77.03,G5020,S,1017266.0,1059.0,+38.8863224,-076.9474550,0.0486432320699,0.000105722306079,14000US11001007703,0,0,0,0,5267,785,2460,785,25588,4910,1021219.05521,1,586760,586760
137,11,001,007804,11001007804,78.04,Census Tract 78.04,G5020,S,839831.0,4303.0,+38.8942107,-076.9313427,0.0467091377591,8.76491296773e-05,14000US11001007804,0,0,0,0,2984,515,866,339,39732,11674,846537.082605,1,482774,482774
138,11,001,007707,11001007707,77.07,Census Tract 77.07,G5020,S,842852.0,0.0,+38.8779453,-076.9353432,0.0476660617619,8.74945824684e-05,14000US11001007707,0,0,0,0,4310,537,1213,569,49012,15267,845255.043331,1,,
139,11,001,008802,11001008802,88.02,Census Tract 88.02,G5020,S,468578.0,0.0,+38.9039498,-076.9866786,0.0300291943449,4.8659549606e-05,14000US11001008802,1,0,1,0,4588,473,1185,344,59000,9765,469908.176342,1,410284,469908
140,11,001,008903,11001008903,89.03,Census Tract 89.03,G5020,S,305651.0,0.0,+38.9041579,-076.9777180,0.0310205792487,3.1740499412e-05,14000US11001008903,1,0,1,0,3457,504,1131,383,37167,13299,306524.228468,1,292853,292853
141,11,001,008904,11001008904,89.04,Census Tract 89.04,G5020,S,449343.0,0.0,+38.9009808,-076.9748514,0.0336332414688,4.66602794569e-05,14000US11001008904,0,1,1,1,3046,372,747,241,27031,8336,450618.650102,1,424827,424827
142,11,001,008804,11001008804,88.04,Census Tract 88.04,G5020,S,778052.0,0.0,+38.9102408,-076.9812669,0.0399539434432,8.08043502878e-05,14000US11001008804,0,0,0,0,2416,310,730,233,39766,7099,780262.213776,1,163774,217061
143,11,001,008803,11001008803,88.03,Census Tract 88.03,G5020,S,1165234.0,0.0,+38.9104631,-076.9913346,0.0570185339532,0.000121015346365,14000US11001008803,2,1,1,1,1331,393,689,382,20313,9709,1168543.52089,1,726811,850284
144,11,001,009810,11001009810,98.10,Census Tract 98.10,G5020,S,398420.0,14058.0,+38.8260370,-077.0037886,0.0277344302796,4.27885690727e-05,14000US11001009810,0,1,0,0,2665,305,1076,381,29840,7960,413668.310455,1,413668,413668
145,11,001,010800,11001010800,108,Census Tract 108,G5020,S,661579.0,0.0,+38.8973521,-077.0446120,0.0356292212018,6.86958078549e-05,14000US11001010800,8,2,1,2,1398,296,533,193,35129,8877,663460.521458,1,663461,663461
146,11,001,011100,11001011100,111,Census Tract 111,G5020,S,5715826.0,365541.0,+38.9158612,-076.9681631,0.141847033901,0.000631627926774,14000US11001011100,2,1,2,2,5246,457,1086,533,68750,23168,6098601.63869,1,2007518,3072948
147,11,001,009000,11001009000,90,Census Tract 90,G5020,S,1430008.0,32262.0,+38.9244993,-076.9561695,0.0577014913784,0.000151889680274,14000US11001009000,0,0,0,0,3049,269,534,119,34157,10359,1466409.77007,0,10704,601565
148,11,001,009102,11001009102,91.02,Census Tract 91.02,G5020,S,1835339.0,453.0,+38.9169631,-076.9908188,0.0657272096441,0.000190677714044,14000US11001009102,2,3,1,1,5203,497,1461,496,45517,10007,1840995.18486,1,1359582,1419475
149,11,001,009811,11001009811,98.11,Census Tract 98.11,G5020,S,467504.0,0.0,+38.8266511,-076.9984594,0.0365712884512,4.84961737027e-05,14000US11001009811,0,0,1,1,5018,499,1648,410,28681,3541,468831.166154,1,344970,416555
150,11,001,001002,11001001002,10.02,Census Tract 10.02,G5020,S,889584.0,137.0,+38.9383001,-077.0781397,0.0398006776258,9.24377589598e-05,14000US11001001002,1,3,0,0,3497,456,990,320,82847,22103,892240.989245,1,892241,892241
151,11,001,001001,11001001001,10.01,Census Tract 10.01,G5020,S,2454383.0,0.0,+38.9489546,-077.0884650,0.0653199037842,0.000255035302396,14000US11001001001,1,5,1,0,7552,407,354,156,153992,8829,2461304.05307,0,2437032,2437032
152,11,001,007808,11001007808,78.08,Census Tract 78.08,G5020,S,937763.0,6812.0,+38.8922212,-076.9192026,0.0449940848582,9.80745656574e-05,14000US11001007808,0,0,0,0,4289,590,1266,485,35718,10709,947273.270253,1,,
153,11,001,007806,11001007806,78.06,Census Tract 78.06,G5020,S,688867.0,0.0,+38.9056043,-076.9326866,0.0446253258003,7.1537212442e-05,14000US11001007806,0,0,0,0,2074,280,547,206,29638,7914,690824.016432,1,,
154,11,001,007807,11001007807,78.07,Census Tract 78.07,G5020,S,522749.0,0.0,+38.8985783,-076.9210632,0.033969445634,5.42811286233e-05,14000US11001007807,0,0,1,0,2310,277,492,206,38289,13530,524231.646108,1,,
155,11,001,009302,11001009302,93.02,Census Tract 93.02,G5020,S,398354.0,0.0,+38.9251412,-076.9908482,0.028919211626,4.13793068783e-05,14000US11001009302,1,0,1,0,1053,143,74,43,62063,7311,399481.04509,0,389372,399481
156,11,001,009203,11001009203,92.03,Census Tract 92.03,G5020,S,581089.0,0.0,+38.9219735,-077.0054956,0.034898721681,6.03582606476e-05,14000US11001009203,0,0,0,0,2606,415,484,196,80250,39000,582733.064578,0,578097,578150
157,11,001,009301,11001009301,93.01,Census Tract 93.01,G5020,S,1097297.0,0.0,+38.9307514,-076.9864052,0.0474709007502,0.000113990911507,14000US11001009301,1,0,0,1,3204,360,254,99,77636,10717,1100394.79049,0,574863,1050444
158,11,001,009201,11001009201,92.01,Census Tract 92.01,G5020,S,640834.0,0.0,+38.9287750,-076.9989367,0.0347397070915,6.65705559203e-05,14000US11001009201,0,1,0,0,1887,166,397,136,52734,9360,642639.919557,1,631485,642640
159,11,001,001401,11001001401,14.01,Census Tract 14.01,G5020,S,788162.0,0.0,+38.9653037,-077.0706081,0.0415824101622,8.19164664696e-05,14000US11001001401,0,1,1,0,3369,237,250,150,112700,23365,790388.827653,0,790389,790389
160,11,001,001100,11001001100,11,Census Tract 11,G5020,S,1676582.0,0.0,+38.9572428,-077.0776732,0.0557804500656,0.00017423421059,14000US11001001100,3,9,0,1,4733,303,189,134,149265,31884,1681303.02887,0,1681303,1681303
161,11,001,001200,11001001200,12,Census Tract 12,G5020,S,1218245.0,0.0,+38.9462264,-077.0705239,0.0499654970998,0.000126583438538,14000US11001001200,0,2,0,0,4908,467,253,144,106667,19738,1221680.03575,0,1221680,1221680
162,11,001,009804,11001009804,98.04,Census Tract 98.04,G5020,S,518370.0,0.0,+38.8396609,-076.9978352,0.0376746035676,5.37823597332e-05,14000US11001009804,0,0,0,0,2778,283,965,277,35819,2534,519856.299796,1,2954,20634
163,11,001,001804,11001001804,18.04,Census Tract 18.04,G5020,S,601755.0,0.0,+38.9670945,-077.0304334,0.0333056113168,6.25438464647e-05,14000US11001001804,0,2,0,0,5568,738,913,369,46283,9860,603452.819142,0,601980,603453
164,11,001,001902,11001001902,19.02,Census Tract 19.02,G5020,S,877350.0,0.0,+38.9639299,-077.0156458,0.040323861442,9.11842061469e-05,14000US11001001902,0,0,2,0,2331,240,197,159,88291,10797,879824.631334,0,64226,710507
165,11,001,001901,11001001901,19.01,Census Tract 19.01,G5020,S,769306.0,0.0,+38.9646853,-077.0236327,0.0360253300159,7.99563197969e-05,14000US11001001901,0,0,3,1,3997,402,423,253,74344,10622,771475.237543,0,604517,693813
166,11,001,001702,11001001702,17.02,Census Tract 17.02,G5020,S,939294.0,0.0,+38.9717231,-077.0160682,0.0495384623416,9.76329943615e-05,14000US11001001702,0,0,0,1,3049,263,273,145,92543,16489,941925.488929,0,191538,540808
167,11,001,010300,11001010300,103,Census Tract 103,G5020,S,1084530.0,61.0,+38.9756846,-077.0301328,0.055120944407,0.000112742474175,14000US11001010300,0,1,1,1,3163,373,682,330,60911,9576,1087621.26967,1,962116,1087532
168,11,001,005800,11001005800,58,Census Tract 58,G5020,S,914535.0,0.0,+38.8978616,-077.0250305,0.0434744454963,9.49619512584e-05,14000US11001005800,16,29,2,1,2781,315,455,257,124306,17771,917133.528552,0,917134,917134
169,11,001,005001,11001005001,50.01,Census Tract 50.01,G5020,S,204438.0,0.0,+38.9119217,-077.0295174,0.0214005099013,2.123207783e-05,14000US11001005001,0,0,0,0,2111,250,175,150,133686,16235,205016.041775,0,205016,205016
170,11,001,009807,11001009807,98.07,Census Tract 98.07,G5020,S,1037014.0,0.0,+38.8292038,-077.0117577,0.049294389307,0.000107577735503,14000US11001009807,0,0,1,0,2956,349,992,375,43657,7290,1039994.38877,1,866100,1034033
171,11,001,009802,11001009802,98.02,Census Tract 98.02,G5020,S,200745.0,0.0,+38.8307312,-076.9965578,0.0230074199425,2.08253465532e-05,14000US11001009802,0,0,0,0,1646,221,816,205,26932,9270,201326.519384,1,59456,60332
172,11,001,009803,11001009803,98.03,Census Tract 98.03,G5020,S,531058.0,0.0,+38.8358693,-077.0040833,0.0313481677058,5.50958763857e-05,14000US11001009803,0,0,0,0,2733,375,1237,348,20772,9627,532582.679866,1,316861,328376
173,11,001,002101,11001002101,21.01,Census Tract 21.01,G5020,S,600991.0,0.0,+38.9559119,-077.0241312,0.0321421820972,6.24552189085e-05,14000US11001002101,2,0,2,0,5859,671,875,556,57565,8335,602686.466763,0,284969,307944
174,11,001,002002,11001002002,20.02,Census Tract 20.02,G5020,S,849377.0,0.0,+38.9525009,-077.0310824,0.0426671017477,8.82631219815e-05,14000US11001002002,0,1,0,0,3891,536,516,251,80703,13198,851776.053885,0,673262,687030
175,11,001,002900,11001002900,29,Census Tract 29,G5020,S,300647.0,0.0,+38.9338479,-077.0299131,0.0238437912452,3.12338648927e-05,14000US11001002900,1,1,2,0,4553,386,341,157,92900,16205,301498.205682,0,301498,301498
176,11,001,003100,11001003100,31,Census Tract 31,G5020,S,296909.0,0.0,+38.9306187,-077.0254232,0.0249196520749,3.08442278876e-05,14000US11001003100,1,1,3,0,3350,406,355,252,81356,13121,297750.831852,0,297751,297751
177,11,001,003500,11001003500,35,Census Tract 35,G5020,S,381868.0,0.0,+38.9223787,-077.0243413,0.0286682800472,3.96654182562e-05,14000US11001003500,0,0,0,0,3048,455,641,266,69190,19123,382950.792209,1,341316,382951
178,11,001,003200,11001003200,32,Census Tract 32,G5020,S,445441.0,0.0,+38.9322648,-077.0211710,0.0299981319215,4.62750757092e-05,14000US11001003200,0,0,0,1,4983,546,813,360,80848,18394,446700.014548,0,446700,446700
179,11,001,003400,11001003400,34,Census Tract 34,G5020,S,917526.0,159593.0,+38.9221781,-077.0175890,0.0477213747405,0.00011188095002,14000US11001003400,2,0,0,1,2784,360,524,217,80500,21951,1080168.73836,0,620917,1074707
